               epoch,      train/box_loss,      train/obj_loss,      train/cls_loss,   metrics/precision,      metrics/recall,     metrics/mAP_0.5,metrics/mAP_0.5:0.95,        val/box_loss,        val/obj_loss,        val/cls_loss,               x/lr0,               x/lr1,               x/lr2
                   0,            0.035364,             0.03529,           0.0048149,             0.65122,             0.63791,             0.66781,             0.33893,            0.044269,            0.027412,            0.012407,             0.07075,             0.00325,             0.00325
                   1,            0.037315,            0.036195,           0.0048052,             0.61041,              0.6348,             0.63923,             0.29198,            0.046983,            0.027743,            0.012968,            0.040728,           0.0065616,           0.0065616
                   2,            0.041964,            0.035954,           0.0053965,               0.612,             0.59363,             0.60163,             0.27393,            0.047303,            0.028008,            0.012531,            0.010685,           0.0098512,           0.0098512
                   3,            0.043371,            0.039035,           0.0081233,               0.564,             0.57413,             0.58021,             0.26117,            0.049101,            0.028286,            0.021892,            0.009901,            0.009901,            0.009901
                   4,            0.043215,             0.03802,           0.0072151,             0.49718,             0.58959,             0.52518,             0.23717,             0.04956,            0.027863,            0.027648,            0.009901,            0.009901,            0.009901
                   5,            0.043422,            0.036477,           0.0078308,             0.53728,             0.58243,             0.56944,             0.25456,             0.04857,            0.027715,            0.014584,            0.009868,            0.009868,            0.009868
                   6,            0.043501,            0.039605,           0.0083587,             0.49988,             0.57387,             0.53192,             0.24297,            0.049441,            0.028432,            0.027899,            0.009835,            0.009835,            0.009835
                   7,            0.042094,            0.040122,            0.010229,             0.58718,             0.54684,             0.56377,              0.2684,            0.048393,            0.027464,            0.021692,            0.009802,            0.009802,            0.009802
                   8,            0.043493,            0.039249,           0.0087348,             0.60152,              0.5866,             0.60836,             0.28155,            0.046744,             0.02637,            0.016831,            0.009769,            0.009769,            0.009769
                   9,            0.043522,            0.042232,            0.010828,             0.58046,             0.57949,             0.54399,             0.23194,            0.046382,            0.026846,            0.021643,            0.009736,            0.009736,            0.009736
                  10,            0.043351,            0.039625,           0.0090617,             0.58656,             0.55568,             0.56577,             0.26884,            0.048281,            0.027735,            0.019141,            0.009703,            0.009703,            0.009703
                  11,            0.042441,            0.039139,           0.0099721,             0.55849,             0.62321,             0.58485,             0.26008,            0.046546,            0.027333,            0.010621,             0.00967,             0.00967,             0.00967
                  12,            0.043159,            0.038526,           0.0095288,             0.66902,             0.52077,             0.60945,             0.27894,            0.048828,            0.027697,            0.017162,            0.009637,            0.009637,            0.009637
                  13,            0.042721,            0.042381,           0.0081011,             0.58965,             0.62397,             0.63152,             0.30851,            0.044873,            0.026482,            0.014145,            0.009604,            0.009604,            0.009604
                  14,            0.042125,            0.038599,            0.010031,             0.63946,             0.59412,             0.62359,             0.28033,             0.04618,            0.026757,            0.024538,            0.009571,            0.009571,            0.009571
                  15,             0.04268,            0.039747,           0.0095441,             0.64002,             0.54907,             0.57771,                0.27,            0.047149,            0.026886,            0.020592,            0.009538,            0.009538,            0.009538
                  16,            0.042983,             0.04041,           0.0088097,             0.53272,             0.62946,             0.58625,               0.266,             0.04703,            0.027326,             0.01764,            0.009505,            0.009505,            0.009505
                  17,            0.042884,            0.039057,           0.0099792,             0.61488,             0.57713,             0.59907,             0.28444,             0.04645,            0.026653,            0.014296,            0.009472,            0.009472,            0.009472
                  18,            0.042306,            0.038951,           0.0087352,              0.6112,             0.54857,             0.57241,             0.26214,            0.046859,            0.027006,            0.024017,            0.009439,            0.009439,            0.009439
                  19,            0.042558,            0.038543,            0.011577,             0.58846,             0.58169,             0.58198,             0.27203,            0.045476,            0.025932,            0.031287,            0.009406,            0.009406,            0.009406
                  20,            0.042545,                0.04,           0.0097546,             0.62674,             0.63707,             0.63005,             0.29629,            0.045528,            0.026512,            0.014522,            0.009373,            0.009373,            0.009373
                  21,            0.042074,            0.038243,           0.0086957,             0.66788,             0.62361,             0.62878,             0.29699,            0.046714,            0.026844,            0.018641,             0.00934,             0.00934,             0.00934
                  22,            0.041576,            0.039841,           0.0091779,             0.63322,             0.58154,             0.59214,              0.2835,            0.047999,            0.026627,            0.018507,            0.009307,            0.009307,            0.009307
                  23,            0.042079,            0.037996,           0.0085372,             0.63171,             0.56008,             0.58811,             0.27724,            0.046664,            0.026382,            0.021331,            0.009274,            0.009274,            0.009274
                  24,             0.04294,            0.041872,           0.0093533,             0.63869,             0.60339,             0.62164,             0.29407,            0.046495,            0.027074,            0.015169,            0.009241,            0.009241,            0.009241
                  25,              0.0426,            0.040321,           0.0099803,             0.63134,             0.61905,             0.64352,             0.31045,            0.045112,            0.025969,            0.011966,            0.009208,            0.009208,            0.009208
                  26,            0.042214,            0.036857,           0.0079491,             0.64693,             0.55277,             0.58291,             0.28221,             0.04649,            0.027155,            0.020592,            0.009175,            0.009175,            0.009175
                  27,            0.041566,            0.038861,           0.0085372,             0.69115,             0.56657,             0.62913,             0.32008,             0.04638,            0.026726,            0.014104,            0.009142,            0.009142,            0.009142
                  28,            0.040255,            0.037609,           0.0080085,             0.62388,             0.60977,             0.61704,             0.27847,            0.046262,            0.027407,            0.015051,            0.009109,            0.009109,            0.009109
                  29,            0.041586,            0.039957,           0.0084221,             0.68833,             0.58199,             0.63424,             0.31098,            0.045587,            0.027786,            0.016756,            0.009076,            0.009076,            0.009076
                  30,            0.042608,            0.039404,           0.0076458,             0.58153,             0.59003,             0.59731,             0.27464,            0.048956,            0.027128,            0.017728,            0.009043,            0.009043,            0.009043
                  31,            0.040849,            0.038149,           0.0077579,             0.61555,             0.61063,              0.6178,             0.29489,            0.046403,            0.026849,            0.016428,             0.00901,             0.00901,             0.00901
                  32,            0.040709,            0.037656,           0.0070405,             0.59263,             0.61473,             0.60981,             0.29353,            0.045909,            0.027235,             0.01768,            0.008977,            0.008977,            0.008977
                  33,            0.041149,            0.037852,            0.007352,             0.54695,             0.57153,             0.55579,             0.26181,            0.047805,            0.028254,            0.024641,            0.008944,            0.008944,            0.008944
                  34,            0.041012,            0.038206,           0.0087019,             0.63484,             0.60341,             0.61548,             0.28336,            0.046374,            0.027262,            0.015956,            0.008911,            0.008911,            0.008911
                  35,            0.041283,             0.03966,           0.0095503,             0.67754,             0.52577,              0.5926,             0.29467,            0.049017,            0.030141,            0.015512,            0.008878,            0.008878,            0.008878
                  36,            0.041066,            0.040597,           0.0076525,             0.57508,             0.62861,             0.58806,             0.26608,            0.046848,            0.026675,            0.016545,            0.008845,            0.008845,            0.008845
                  37,            0.040289,            0.038659,           0.0073966,             0.63975,             0.59089,             0.61739,             0.29452,            0.046882,            0.027629,            0.015078,            0.008812,            0.008812,            0.008812
                  38,            0.040437,            0.039266,           0.0074883,             0.61713,             0.64485,             0.62208,             0.30263,            0.045019,            0.026819,            0.019059,            0.008779,            0.008779,            0.008779
                  39,            0.040396,            0.038097,           0.0066382,             0.62742,             0.61098,             0.63497,             0.31068,               0.045,            0.025752,            0.018431,            0.008746,            0.008746,            0.008746
                  40,            0.040617,            0.037269,           0.0077508,             0.57945,             0.59288,             0.59319,              0.2898,             0.04643,            0.027475,            0.025883,            0.008713,            0.008713,            0.008713
                  41,            0.040307,            0.039625,            0.007042,             0.62374,             0.67041,             0.64569,             0.31472,            0.044805,            0.026092,            0.012492,             0.00868,             0.00868,             0.00868
                  42,            0.039403,            0.037305,             0.00835,             0.64598,             0.62172,             0.64468,             0.29321,            0.045425,              0.0265,            0.015655,            0.008647,            0.008647,            0.008647
                  43,            0.039582,            0.036685,           0.0080445,             0.62994,              0.6025,             0.62961,              0.3137,            0.045792,            0.027553,            0.017967,            0.008614,            0.008614,            0.008614
                  44,            0.039574,            0.037562,            0.007647,             0.61278,             0.61452,             0.62748,             0.30163,            0.045818,            0.026365,            0.014321,            0.008581,            0.008581,            0.008581
                  45,            0.039441,            0.037957,           0.0068244,             0.69437,             0.55986,             0.61956,             0.29453,            0.046474,             0.02805,            0.015866,            0.008548,            0.008548,            0.008548
                  46,            0.039346,            0.036717,           0.0072804,             0.59654,             0.57202,             0.58417,             0.27552,            0.047287,            0.027583,            0.034745,            0.008515,            0.008515,            0.008515
                  47,            0.038936,            0.038385,           0.0077968,             0.65507,              0.5964,             0.61355,             0.29707,            0.045421,            0.026939,            0.015915,            0.008482,            0.008482,            0.008482
                  48,            0.038849,            0.037525,           0.0065089,             0.68308,             0.60712,             0.66023,             0.32397,            0.044274,            0.026764,            0.011982,            0.008449,            0.008449,            0.008449
                  49,            0.039384,            0.038013,           0.0062092,             0.60944,             0.62445,             0.62248,             0.30441,            0.046531,            0.026773,           0.0099989,            0.008416,            0.008416,            0.008416
                  50,            0.040051,            0.038408,           0.0061815,             0.67091,             0.59323,             0.66806,              0.3249,            0.044865,            0.026575,            0.011595,            0.008383,            0.008383,            0.008383
                  51,            0.038775,            0.037756,           0.0063608,             0.70036,              0.6388,             0.68514,             0.34643,            0.045895,            0.026819,            0.010594,             0.00835,             0.00835,             0.00835
                  52,            0.039161,            0.036102,           0.0069474,             0.61078,             0.65418,             0.65575,              0.3287,            0.045326,            0.026992,            0.016624,            0.008317,            0.008317,            0.008317
                  53,            0.038209,            0.034561,           0.0063858,              0.6234,             0.56724,             0.60064,               0.301,             0.04685,             0.02737,            0.021806,            0.008284,            0.008284,            0.008284
                  54,            0.038809,            0.039731,            0.007936,             0.65112,             0.62093,             0.64937,             0.32447,            0.044426,            0.026222,            0.010741,            0.008251,            0.008251,            0.008251
                  55,            0.038649,            0.035532,           0.0074346,             0.60834,             0.64061,              0.6374,              0.3113,            0.044781,            0.026602,            0.010408,            0.008218,            0.008218,            0.008218
                  56,            0.039274,            0.036978,           0.0070012,             0.64744,              0.6026,             0.63496,             0.29797,            0.045875,            0.026351,            0.012598,            0.008185,            0.008185,            0.008185
                  57,            0.037719,            0.035114,           0.0074825,             0.66734,             0.62287,             0.66898,             0.32872,            0.044952,             0.02653,            0.011688,            0.008152,            0.008152,            0.008152
                  58,            0.038618,            0.036553,           0.0065974,             0.66003,             0.60419,             0.62684,             0.31508,            0.046464,            0.028495,            0.011554,            0.008119,            0.008119,            0.008119
                  59,            0.038853,            0.036635,           0.0065817,             0.64479,             0.58897,             0.62569,             0.31485,            0.045808,            0.027104,            0.014622,            0.008086,            0.008086,            0.008086
                  60,            0.039046,            0.036347,           0.0078767,             0.58959,             0.66362,             0.64204,             0.31734,            0.044153,            0.026072,            0.012374,            0.008053,            0.008053,            0.008053
                  61,             0.03909,            0.037752,           0.0069457,             0.62396,             0.66112,             0.65319,             0.31744,            0.046094,             0.02683,            0.010968,             0.00802,             0.00802,             0.00802
                  62,            0.037711,            0.035639,           0.0070854,              0.6324,             0.59143,             0.63206,             0.30476,            0.046451,            0.027313,            0.019576,            0.007987,            0.007987,            0.007987
                  63,            0.038055,            0.038249,           0.0062334,             0.59867,             0.59387,             0.63254,             0.31158,             0.04601,            0.025662,            0.022445,            0.007954,            0.007954,            0.007954
                  64,            0.038794,            0.037537,           0.0071621,             0.57962,             0.61916,              0.6318,             0.32041,            0.046588,            0.027481,            0.011156,            0.007921,            0.007921,            0.007921
                  65,            0.038935,             0.03749,           0.0057767,             0.63505,             0.61027,             0.62338,             0.30268,            0.046026,            0.027416,            0.016086,            0.007888,            0.007888,            0.007888
                  66,             0.03758,            0.036362,           0.0065362,             0.64437,             0.61915,             0.64512,             0.32264,            0.045224,            0.026885,             0.01756,            0.007855,            0.007855,            0.007855
                  67,            0.039157,            0.035797,            0.007069,             0.65743,              0.6531,             0.65478,             0.32313,            0.045499,            0.027323,            0.016116,            0.007822,            0.007822,            0.007822
                  68,            0.038186,            0.037829,           0.0070723,             0.66206,             0.58715,             0.61519,             0.31318,            0.047293,             0.02717,            0.018963,            0.007789,            0.007789,            0.007789
                  69,            0.038566,            0.037173,           0.0060042,             0.71651,             0.61042,             0.65727,             0.32759,            0.045794,            0.027009,            0.015102,            0.007756,            0.007756,            0.007756
                  70,            0.037667,            0.034852,           0.0055101,             0.67764,             0.61202,             0.65057,             0.31502,            0.044532,            0.026709,             0.01073,            0.007723,            0.007723,            0.007723
                  71,            0.037419,            0.035696,           0.0058685,             0.62172,              0.5996,             0.63795,             0.32037,            0.045866,            0.027234,            0.021085,             0.00769,             0.00769,             0.00769
                  72,            0.037311,            0.035514,           0.0055953,             0.65932,             0.61893,              0.6627,             0.31931,            0.046169,            0.027199,            0.015264,            0.007657,            0.007657,            0.007657
                  73,            0.038334,            0.036032,           0.0046088,             0.62367,             0.63268,             0.64559,             0.33429,            0.044869,            0.026681,            0.015288,            0.007624,            0.007624,            0.007624
                  74,            0.037482,            0.035198,           0.0055762,             0.63691,             0.64382,             0.64183,              0.3298,            0.046335,            0.026827,            0.012813,            0.007591,            0.007591,            0.007591
                  75,             0.03709,            0.033727,           0.0049128,             0.70626,              0.6581,             0.69693,             0.34529,            0.045109,            0.027068,            0.010227,            0.007558,            0.007558,            0.007558
                  76,            0.036387,            0.035183,           0.0054187,             0.64009,             0.61639,             0.64204,             0.31725,            0.046487,            0.027197,            0.015127,            0.007525,            0.007525,            0.007525
                  77,            0.036999,            0.035841,           0.0055985,             0.65971,             0.62939,             0.65753,             0.32736,             0.04594,            0.026741,           0.0092361,            0.007492,            0.007492,            0.007492
                  78,            0.037294,            0.036013,           0.0052051,             0.59493,             0.72599,             0.65961,             0.33081,            0.044688,            0.026502,           0.0094321,            0.007459,            0.007459,            0.007459
                  79,            0.037527,            0.035187,           0.0054168,             0.66271,             0.61656,             0.65122,             0.32791,            0.045517,            0.027175,            0.013726,            0.007426,            0.007426,            0.007426
                  80,            0.037411,            0.034537,           0.0051584,             0.66955,             0.62673,             0.65766,             0.31798,            0.046264,            0.027395,            0.011295,            0.007393,            0.007393,            0.007393
                  81,            0.037516,            0.034138,           0.0050022,             0.67492,             0.62306,             0.65627,               0.322,            0.044709,            0.027553,            0.011396,             0.00736,             0.00736,             0.00736
                  82,            0.036724,             0.03461,           0.0049631,             0.61815,             0.65818,             0.66209,             0.33832,            0.044702,            0.026582,            0.010231,            0.007327,            0.007327,            0.007327
                  83,            0.037637,            0.037268,           0.0047778,             0.71545,             0.64724,              0.7018,             0.35492,            0.043641,            0.026373,            0.010796,            0.007294,            0.007294,            0.007294
                  84,            0.037261,            0.036279,           0.0054537,             0.66541,             0.60909,             0.66132,             0.33278,            0.045102,            0.026589,            0.012115,            0.007261,            0.007261,            0.007261
                  85,            0.036535,            0.034505,           0.0058773,             0.71304,             0.63067,             0.67228,             0.31664,            0.046575,            0.028134,            0.013188,            0.007228,            0.007228,            0.007228
                  86,            0.036554,            0.034609,           0.0062519,              0.6335,             0.62519,             0.64007,             0.30836,            0.045531,            0.027532,            0.011255,            0.007195,            0.007195,            0.007195
                  87,            0.035816,            0.034364,           0.0055164,             0.64739,             0.64205,             0.65741,             0.32046,            0.045266,            0.026941,            0.018117,            0.007162,            0.007162,            0.007162
                  88,            0.036735,            0.036367,           0.0049775,             0.68998,             0.66084,             0.69515,             0.34738,            0.044944,            0.026931,            0.011888,            0.007129,            0.007129,            0.007129
                  89,             0.03595,            0.033401,           0.0056926,             0.60511,             0.65178,             0.64375,             0.32172,              0.0461,            0.027869,            0.013674,            0.007096,            0.007096,            0.007096
                  90,            0.036437,             0.03359,             0.00454,             0.67819,             0.64341,             0.66878,             0.32522,            0.044711,            0.027412,              0.0135,            0.007063,            0.007063,            0.007063
                  91,            0.035708,            0.035298,           0.0053428,             0.63071,             0.63261,              0.6616,             0.32912,            0.044707,            0.027067,            0.017172,             0.00703,             0.00703,             0.00703
                  92,            0.036284,            0.034041,           0.0049075,              0.6255,               0.631,             0.64887,              0.3166,            0.045137,            0.027132,            0.012171,            0.006997,            0.006997,            0.006997
                  93,            0.036668,            0.036203,            0.004933,             0.69046,             0.66417,             0.66611,             0.34167,            0.043668,            0.026841,            0.010314,            0.006964,            0.006964,            0.006964
                  94,            0.036301,            0.035284,           0.0057767,             0.64215,             0.68439,             0.67679,             0.34148,             0.04463,            0.026831,            0.012076,            0.006931,            0.006931,            0.006931
                  95,             0.03594,            0.033688,           0.0048817,             0.71854,             0.57552,             0.65509,              0.3298,            0.045056,            0.028016,            0.011965,            0.006898,            0.006898,            0.006898
                  96,            0.035498,            0.033688,           0.0042075,               0.689,             0.61575,             0.66343,             0.35088,            0.045203,            0.026962,            0.013059,            0.006865,            0.006865,            0.006865
                  97,            0.036088,            0.035318,           0.0045639,             0.70135,             0.63378,             0.67069,             0.34576,            0.044607,            0.027328,            0.014626,            0.006832,            0.006832,            0.006832
                  98,             0.03513,            0.033026,           0.0046257,              0.6732,              0.6483,             0.67717,             0.33955,            0.044066,            0.027686,            0.010524,            0.006799,            0.006799,            0.006799
                  99,             0.03497,             0.03359,           0.0040617,             0.67345,             0.62681,             0.65769,             0.34308,            0.045092,            0.028251,            0.011381,            0.006766,            0.006766,            0.006766
                 100,            0.035588,            0.035673,           0.0046949,             0.67702,             0.62558,              0.6596,             0.33419,            0.046973,            0.027397,            0.011029,            0.006733,            0.006733,            0.006733
                 101,            0.034819,            0.033394,           0.0045648,             0.68044,             0.64045,             0.66958,             0.34024,            0.046665,            0.028167,            0.014116,              0.0067,              0.0067,              0.0067
                 102,            0.036328,            0.035611,            0.004499,             0.70791,             0.64457,             0.67983,             0.35088,            0.044806,            0.027376,            0.013692,            0.006667,            0.006667,            0.006667
                 103,            0.035495,            0.033644,           0.0052935,             0.68624,             0.62406,             0.67512,             0.35614,            0.045487,            0.028147,            0.010566,            0.006634,            0.006634,            0.006634
                 104,            0.036045,            0.032532,           0.0045859,             0.66376,             0.67339,             0.68245,             0.35221,            0.045472,            0.027651,           0.0095966,            0.006601,            0.006601,            0.006601
                 105,            0.034905,            0.032825,           0.0046722,             0.67538,             0.65418,             0.66881,             0.35405,            0.044568,            0.027729,            0.011757,            0.006568,            0.006568,            0.006568
                 106,            0.035606,            0.035426,           0.0039727,             0.64822,             0.63431,             0.65197,             0.33419,            0.045484,            0.028234,            0.012424,            0.006535,            0.006535,            0.006535
                 107,            0.035186,            0.033213,           0.0040649,             0.66272,             0.61156,             0.65031,             0.32414,            0.045442,             0.02883,            0.011744,            0.006502,            0.006502,            0.006502
                 108,            0.035096,            0.033016,           0.0038611,             0.69319,             0.63621,             0.67141,              0.3288,            0.045016,            0.028122,            0.010209,            0.006469,            0.006469,            0.006469
                 109,            0.035039,            0.032638,           0.0045168,             0.70758,             0.59956,             0.66027,             0.32063,            0.045877,            0.028549,           0.0091896,            0.006436,            0.006436,            0.006436
                 110,            0.034487,            0.034231,           0.0050182,             0.66611,             0.63511,             0.64261,             0.33749,            0.045799,            0.027818,            0.017634,            0.006403,            0.006403,            0.006403
                 111,            0.035096,            0.033467,           0.0044574,             0.59959,             0.65479,             0.65528,             0.32397,            0.045284,            0.027743,             0.01269,             0.00637,             0.00637,             0.00637
                 112,            0.034454,            0.032386,            0.004592,              0.6274,              0.6635,              0.6601,             0.34055,            0.045922,            0.028307,            0.015773,            0.006337,            0.006337,            0.006337
                 113,            0.034789,            0.034676,            0.004248,              0.6392,             0.60568,             0.64885,             0.32133,            0.046021,            0.027845,            0.012565,            0.006304,            0.006304,            0.006304
                 114,            0.034788,            0.033502,           0.0037446,             0.66225,             0.64787,             0.67037,             0.34667,            0.045961,            0.028608,           0.0094712,            0.006271,            0.006271,            0.006271
                 115,            0.034413,            0.033921,           0.0039705,             0.60855,             0.61834,             0.64047,             0.31569,            0.046732,            0.029075,            0.018984,            0.006238,            0.006238,            0.006238
                 116,            0.033783,            0.032079,           0.0045732,             0.63018,             0.62264,             0.65158,             0.33575,            0.046072,            0.028712,            0.012142,            0.006205,            0.006205,            0.006205
                 117,            0.035243,            0.034878,           0.0043659,             0.72236,             0.62467,             0.66929,             0.34206,            0.045784,            0.028363,            0.011492,            0.006172,            0.006172,            0.006172
                 118,            0.035215,            0.034485,           0.0044149,             0.68204,             0.63534,             0.67004,             0.34093,            0.044608,            0.027677,            0.011186,            0.006139,            0.006139,            0.006139
                 119,            0.033873,            0.032933,           0.0046675,             0.67384,              0.6003,             0.66351,             0.32027,            0.045239,            0.028549,            0.011404,            0.006106,            0.006106,            0.006106
                 120,            0.034368,            0.033459,           0.0039255,               0.677,             0.62967,              0.6671,             0.33186,            0.045284,            0.028485,            0.011622,            0.006073,            0.006073,            0.006073
                 121,            0.033913,            0.033944,           0.0042277,             0.63974,             0.62602,             0.65724,             0.32867,            0.044867,            0.027846,            0.010706,             0.00604,             0.00604,             0.00604
                 122,            0.034016,            0.033118,           0.0040551,             0.63256,             0.64861,             0.65726,             0.33649,            0.045533,            0.028237,            0.010143,            0.006007,            0.006007,            0.006007
                 123,            0.033535,            0.032522,           0.0033624,             0.65543,             0.62947,             0.65876,             0.34208,            0.046606,            0.028698,            0.014342,            0.005974,            0.005974,            0.005974
                 124,            0.035633,            0.034942,           0.0036283,             0.61766,             0.67423,             0.65517,             0.33209,            0.045657,             0.02923,            0.013388,            0.005941,            0.005941,            0.005941
                 125,            0.034734,             0.03294,           0.0044147,             0.64665,             0.65299,             0.65517,             0.33974,            0.046191,            0.028249,             0.01278,            0.005908,            0.005908,            0.005908
                 126,            0.032946,            0.031746,           0.0042665,              0.6619,             0.61743,             0.63548,             0.32551,            0.046098,            0.028479,            0.015974,            0.005875,            0.005875,            0.005875
                 127,            0.034228,            0.035357,           0.0048373,             0.66935,             0.60537,             0.63798,              0.3193,            0.044819,            0.027872,            0.014438,            0.005842,            0.005842,            0.005842
                 128,            0.033225,            0.031932,           0.0041346,              0.6936,             0.62225,             0.66285,             0.34124,            0.045716,            0.028812,           0.0098206,            0.005809,            0.005809,            0.005809
                 129,            0.034032,            0.034341,           0.0038163,             0.67478,             0.60978,             0.64166,             0.32204,            0.045626,            0.029125,            0.011536,            0.005776,            0.005776,            0.005776
                 130,            0.033547,            0.032129,           0.0043151,              0.6495,             0.64005,              0.6608,             0.33714,            0.045922,            0.028384,            0.010164,            0.005743,            0.005743,            0.005743
                 131,            0.033557,            0.032553,           0.0039694,             0.66114,             0.66151,              0.6799,             0.33641,            0.044918,            0.028044,            0.011575,             0.00571,             0.00571,             0.00571
                 132,             0.03375,             0.03194,           0.0038805,             0.61473,             0.68901,             0.65578,             0.30254,            0.045083,            0.028534,            0.010494,            0.005677,            0.005677,            0.005677
                 133,            0.033457,             0.03144,           0.0034281,             0.59952,             0.66849,             0.64463,             0.33078,            0.044816,            0.027928,            0.016637,            0.005644,            0.005644,            0.005644
                 134,            0.032882,            0.031418,           0.0037578,             0.63652,             0.65043,              0.6709,             0.33867,            0.046039,            0.029103,            0.010322,            0.005611,            0.005611,            0.005611
                 135,            0.032683,            0.033122,           0.0032695,             0.64437,             0.65078,             0.66544,             0.34067,            0.045411,            0.028749,            0.015715,            0.005578,            0.005578,            0.005578
                 136,            0.032991,             0.03244,           0.0036369,             0.65681,             0.65901,             0.66181,             0.33464,            0.044747,            0.028114,            0.011662,            0.005545,            0.005545,            0.005545
                 137,            0.033411,            0.030628,            0.004564,             0.69462,              0.6173,             0.66169,             0.32682,             0.04613,            0.029048,           0.0079536,            0.005512,            0.005512,            0.005512
                 138,            0.032951,            0.032452,           0.0035871,             0.65824,             0.62629,             0.65288,             0.32999,            0.045511,            0.028928,            0.014449,            0.005479,            0.005479,            0.005479
                 139,            0.032904,            0.031491,           0.0037655,             0.71161,             0.61235,             0.67077,             0.34344,            0.045693,            0.029159,            0.010823,            0.005446,            0.005446,            0.005446
                 140,            0.033024,            0.031828,            0.003398,             0.68254,             0.63298,             0.67177,             0.32781,            0.044906,            0.028612,            0.011425,            0.005413,            0.005413,            0.005413
                 141,            0.031812,            0.031855,           0.0032686,             0.66722,             0.60786,             0.65194,             0.33417,             0.04557,            0.029025,            0.014345,             0.00538,             0.00538,             0.00538
                 142,            0.033031,            0.032023,           0.0034937,             0.64872,             0.65762,             0.66104,              0.3193,            0.045289,            0.028936,            0.010866,            0.005347,            0.005347,            0.005347
                 143,            0.032833,              0.0319,           0.0034644,             0.66146,             0.65814,             0.66341,             0.34376,            0.045019,             0.02855,           0.0099975,            0.005314,            0.005314,            0.005314
                 144,            0.033293,            0.033031,           0.0030032,              0.6912,             0.64902,             0.68132,              0.3476,             0.04685,             0.02838,           0.0086777,            0.005281,            0.005281,            0.005281
                 145,            0.033013,            0.031987,            0.003245,             0.65146,             0.65676,             0.67521,             0.35522,            0.044766,            0.028436,           0.0085305,            0.005248,            0.005248,            0.005248
                 146,            0.032731,            0.030022,           0.0033753,             0.70351,             0.57217,             0.65041,             0.32993,            0.046575,            0.029399,           0.0092735,            0.005215,            0.005215,            0.005215
                 147,            0.031676,            0.031145,           0.0032159,             0.64047,             0.67229,             0.66825,             0.33894,             0.04628,             0.02878,             0.01248,            0.005182,            0.005182,            0.005182
                 148,            0.032303,            0.030829,           0.0033191,             0.65314,             0.67482,             0.68865,             0.34292,             0.04642,            0.029282,            0.010422,            0.005149,            0.005149,            0.005149
                 149,            0.032142,            0.030994,           0.0033338,             0.68654,             0.65727,             0.68971,             0.35132,            0.045378,            0.029547,            0.010053,            0.005116,            0.005116,            0.005116
                 150,            0.032758,            0.030407,           0.0035046,             0.71665,             0.63913,             0.69371,             0.34713,            0.045944,            0.028931,           0.0092753,            0.005083,            0.005083,            0.005083
                 151,            0.032284,            0.032154,           0.0028796,             0.68083,             0.68844,             0.70961,             0.36332,            0.045107,            0.028081,             0.00856,             0.00505,             0.00505,             0.00505
                 152,            0.032017,             0.03095,           0.0029751,             0.66363,             0.64635,             0.66361,             0.33799,            0.045697,            0.029635,            0.012803,            0.005017,            0.005017,            0.005017
                 153,            0.031818,            0.029525,           0.0031946,             0.64022,             0.66461,             0.68254,             0.34273,             0.04521,            0.029459,           0.0098275,            0.004984,            0.004984,            0.004984
                 154,            0.032231,            0.032387,           0.0032988,             0.69054,              0.6164,             0.64896,             0.33714,            0.045093,            0.029154,            0.014181,            0.004951,            0.004951,            0.004951
                 155,            0.031835,            0.030784,           0.0027573,             0.72203,             0.61637,             0.67683,             0.33751,            0.046216,            0.029487,           0.0075977,            0.004918,            0.004918,            0.004918
                 156,            0.031655,            0.031696,           0.0032403,              0.6381,             0.70151,             0.70004,             0.35561,            0.044676,            0.028821,           0.0077761,            0.004885,            0.004885,            0.004885
                 157,            0.031512,            0.029823,           0.0031372,             0.66066,             0.67684,             0.67654,             0.34784,            0.045302,            0.028888,             0.01182,            0.004852,            0.004852,            0.004852
                 158,            0.030712,            0.030567,           0.0036443,              0.7141,             0.63185,             0.68695,             0.34701,            0.044508,            0.028692,            0.011887,            0.004819,            0.004819,            0.004819
                 159,            0.031314,            0.031621,           0.0034139,             0.65159,              0.6745,             0.68023,             0.34411,            0.045089,            0.029765,            0.011039,            0.004786,            0.004786,            0.004786
                 160,            0.031521,            0.030943,           0.0034682,             0.67558,             0.62131,             0.65624,             0.34043,            0.045421,            0.029679,            0.012652,            0.004753,            0.004753,            0.004753
                 161,            0.031732,            0.031393,           0.0034714,             0.64545,             0.59668,             0.61554,             0.31769,             0.04698,            0.029623,             0.02366,             0.00472,             0.00472,             0.00472
                 162,            0.030745,            0.031166,           0.0029588,             0.66048,             0.67576,              0.6815,             0.34952,            0.045342,            0.029272,            0.011156,            0.004687,            0.004687,            0.004687
                 163,            0.031512,            0.029626,           0.0032008,             0.65968,             0.62027,             0.65937,             0.33705,            0.045048,            0.029373,           0.0099612,            0.004654,            0.004654,            0.004654
                 164,            0.031614,            0.031724,            0.003244,             0.62825,             0.65685,             0.67092,             0.33531,            0.045459,            0.028944,           0.0098891,            0.004621,            0.004621,            0.004621
                 165,            0.031268,            0.031256,            0.002745,             0.63271,             0.69598,             0.66288,              0.3448,            0.045838,            0.029968,             0.01074,            0.004588,            0.004588,            0.004588
                 166,            0.031472,            0.029539,           0.0032691,             0.66276,             0.61658,             0.65237,             0.34759,            0.045991,            0.030001,            0.014437,            0.004555,            0.004555,            0.004555
                 167,            0.031512,            0.030188,           0.0034493,             0.67536,             0.64515,             0.68034,             0.34002,            0.044822,            0.029662,            0.010087,            0.004522,            0.004522,            0.004522
                 168,            0.031333,            0.030302,           0.0035471,             0.67818,             0.67579,              0.6923,             0.34849,            0.045426,            0.028799,           0.0077489,            0.004489,            0.004489,            0.004489
                 169,            0.031553,            0.031412,           0.0023815,              0.6545,             0.64496,             0.66767,             0.34085,            0.045308,            0.029647,            0.011134,            0.004456,            0.004456,            0.004456
                 170,            0.030895,            0.030792,           0.0031335,             0.61825,             0.67634,             0.66227,             0.33232,            0.045865,            0.029903,           0.0094021,            0.004423,            0.004423,            0.004423
                 171,            0.031327,            0.030085,           0.0030907,              0.6373,             0.64622,              0.6631,             0.33859,            0.045454,            0.029174,           0.0094909,             0.00439,             0.00439,             0.00439
                 172,            0.031528,            0.029898,           0.0029342,              0.6667,             0.64816,             0.67858,             0.34182,            0.045824,            0.030314,           0.0094277,            0.004357,            0.004357,            0.004357
                 173,            0.030815,            0.029524,           0.0029947,             0.68884,             0.63296,             0.67377,             0.34468,            0.046189,            0.030352,            0.013467,            0.004324,            0.004324,            0.004324
                 174,            0.030699,            0.030313,            0.002841,             0.66838,             0.64875,             0.66453,             0.32946,            0.045708,            0.030081,            0.011296,            0.004291,            0.004291,            0.004291
                 175,            0.031643,            0.028876,           0.0030903,             0.64913,             0.65521,             0.66593,             0.33366,            0.045641,            0.030213,            0.011256,            0.004258,            0.004258,            0.004258
                 176,            0.031103,            0.030592,           0.0033092,             0.60556,             0.64183,             0.63992,             0.33466,            0.045357,             0.02903,            0.015846,            0.004225,            0.004225,            0.004225
                 177,            0.030786,             0.03151,           0.0026125,             0.65152,             0.64715,             0.67428,             0.34984,            0.045266,            0.029246,           0.0097656,            0.004192,            0.004192,            0.004192
                 178,              0.0293,            0.029738,           0.0029459,             0.69945,             0.58335,             0.64181,             0.32768,            0.046194,            0.029595,            0.017408,            0.004159,            0.004159,            0.004159
                 179,            0.031043,            0.031858,           0.0026847,             0.71794,             0.60615,             0.66885,             0.34589,            0.045804,            0.029478,            0.011988,            0.004126,            0.004126,            0.004126
                 180,            0.029525,            0.029744,           0.0025911,             0.65903,             0.63661,             0.66741,             0.33531,            0.045957,            0.029517,            0.010454,            0.004093,            0.004093,            0.004093
                 181,            0.030271,            0.030094,           0.0025117,             0.66974,             0.62233,             0.65354,             0.33451,            0.046193,            0.029704,            0.017146,             0.00406,             0.00406,             0.00406
                 182,             0.03096,            0.030149,           0.0027937,              0.6507,               0.653,             0.66993,             0.33366,            0.045648,            0.029823,             0.01574,            0.004027,            0.004027,            0.004027
                 183,            0.030194,            0.029188,           0.0024914,             0.68346,             0.64574,              0.6767,             0.34883,            0.046199,            0.030048,           0.0096356,            0.003994,            0.003994,            0.003994
                 184,            0.030763,            0.029922,           0.0027034,             0.68267,             0.64607,             0.67914,             0.34216,            0.045803,            0.029671,           0.0093037,            0.003961,            0.003961,            0.003961
                 185,            0.030857,            0.029281,           0.0024591,             0.68823,              0.5941,             0.65867,             0.33754,            0.046169,            0.030099,           0.0094014,            0.003928,            0.003928,            0.003928
                 186,            0.030315,            0.029158,           0.0029168,              0.6346,             0.61567,             0.64622,             0.32812,            0.046939,            0.030734,            0.012124,            0.003895,            0.003895,            0.003895
                 187,            0.029454,            0.028581,           0.0028194,             0.64316,             0.64821,             0.64944,             0.33252,            0.046194,            0.030033,            0.011637,            0.003862,            0.003862,            0.003862
                 188,            0.029514,            0.028795,            0.003072,             0.63508,             0.62193,             0.64217,              0.3218,            0.046854,            0.030075,            0.014069,            0.003829,            0.003829,            0.003829
                 189,            0.029604,            0.029466,           0.0026661,             0.64766,             0.58512,             0.62961,              0.3276,            0.046505,            0.031297,             0.01754,            0.003796,            0.003796,            0.003796
                 190,            0.030606,             0.03052,           0.0035407,              0.5954,             0.65288,             0.64502,             0.33621,            0.045976,            0.030572,             0.01356,            0.003763,            0.003763,            0.003763
                 191,            0.030213,            0.030642,           0.0034808,             0.60686,             0.64755,             0.63899,             0.32936,            0.045992,            0.030175,            0.014563,             0.00373,             0.00373,             0.00373
                 192,             0.02939,            0.028154,           0.0028295,               0.639,             0.63505,              0.6379,             0.31997,            0.046161,            0.030231,            0.011987,            0.003697,            0.003697,            0.003697
                 193,            0.029237,            0.030101,           0.0023386,              0.6678,             0.59936,             0.64524,             0.33184,            0.046293,            0.029868,           0.0097053,            0.003664,            0.003664,            0.003664
                 194,            0.029574,             0.02936,           0.0026527,             0.65387,             0.63929,             0.66061,             0.33485,            0.045192,            0.030389,           0.0090729,            0.003631,            0.003631,            0.003631
                 195,            0.029192,             0.02875,           0.0028485,             0.63053,             0.68109,             0.66152,             0.33717,            0.046638,            0.030239,            0.011746,            0.003598,            0.003598,            0.003598
                 196,            0.030396,            0.029893,           0.0027976,              0.6953,             0.65152,             0.67691,             0.34476,            0.046751,            0.029971,            0.010325,            0.003565,            0.003565,            0.003565
                 197,            0.028592,            0.028523,            0.002916,             0.66787,             0.59914,             0.64334,             0.32777,            0.046893,            0.030762,            0.016433,            0.003532,            0.003532,            0.003532
                 198,            0.029353,            0.029393,           0.0024571,             0.67711,             0.62417,              0.6761,             0.34673,            0.044828,            0.029475,           0.0083853,            0.003499,            0.003499,            0.003499
                 199,            0.029588,             0.03031,           0.0023975,             0.59626,             0.66483,             0.66209,             0.34675,            0.045988,            0.030454,            0.011118,            0.003466,            0.003466,            0.003466
                 200,            0.029466,            0.028311,           0.0026217,             0.63292,             0.62465,             0.65812,             0.33872,            0.046327,            0.030693,            0.010931,            0.003433,            0.003433,            0.003433
                 201,            0.029513,             0.02835,            0.002297,             0.61435,             0.63375,             0.64495,             0.33166,            0.046388,            0.030646,            0.015854,              0.0034,              0.0034,              0.0034
                 202,            0.029204,            0.029019,           0.0024248,             0.70899,             0.61061,             0.67337,             0.34751,            0.045727,            0.030175,            0.011289,            0.003367,            0.003367,            0.003367
                 203,            0.028776,             0.02812,           0.0029053,             0.64155,             0.62317,             0.63041,             0.33065,            0.047324,            0.031457,            0.017172,            0.003334,            0.003334,            0.003334
                 204,            0.029223,            0.029328,           0.0025793,             0.67607,             0.61691,             0.65818,             0.33908,            0.046099,            0.030421,            0.011173,            0.003301,            0.003301,            0.003301
                 205,            0.028364,            0.029092,           0.0025555,             0.66755,              0.6293,             0.65557,             0.34117,            0.046545,            0.030766,            0.012719,            0.003268,            0.003268,            0.003268
                 206,            0.028922,            0.028649,           0.0026363,             0.64454,             0.65211,              0.6857,             0.34954,            0.045949,             0.03033,            0.013516,            0.003235,            0.003235,            0.003235
                 207,            0.028852,            0.027212,           0.0024225,             0.66775,              0.6324,             0.66643,             0.34248,            0.046689,            0.030659,            0.013778,            0.003202,            0.003202,            0.003202
                 208,            0.028662,            0.028549,           0.0025368,             0.72375,              0.5829,             0.65827,             0.34132,            0.046224,            0.030741,            0.013507,            0.003169,            0.003169,            0.003169
                 209,             0.02778,            0.028161,           0.0021848,             0.68342,             0.60653,             0.66009,              0.3316,            0.045769,            0.030943,            0.013558,            0.003136,            0.003136,            0.003136
                 210,            0.028881,             0.02789,           0.0030087,             0.63529,             0.63598,             0.67051,             0.33744,            0.046235,            0.030808,            0.011778,            0.003103,            0.003103,            0.003103
                 211,            0.029019,            0.029473,           0.0025917,             0.71698,             0.58408,              0.6685,             0.33963,             0.04653,            0.030254,            0.013626,             0.00307,             0.00307,             0.00307
                 212,            0.029268,            0.028989,           0.0029016,             0.62496,             0.64106,             0.66044,             0.33866,            0.046564,            0.031147,            0.017038,            0.003037,            0.003037,            0.003037
                 213,            0.028647,            0.028571,           0.0022444,             0.67917,             0.64188,              0.6741,             0.34866,            0.046426,            0.031174,            0.011846,            0.003004,            0.003004,            0.003004
                 214,            0.028404,            0.028944,           0.0023422,             0.66973,             0.66731,             0.68313,              0.3539,            0.046056,            0.030699,            0.011745,            0.002971,            0.002971,            0.002971
                 215,            0.028143,            0.028153,            0.002669,              0.7287,             0.60458,             0.68946,             0.35027,            0.045412,            0.030401,            0.011243,            0.002938,            0.002938,            0.002938
                 216,            0.027335,            0.027718,           0.0027695,             0.74654,             0.59823,             0.68574,             0.34997,            0.046152,            0.030435,             0.01094,            0.002905,            0.002905,            0.002905
                 217,            0.028321,            0.028254,            0.002379,             0.68874,             0.62212,              0.6863,              0.3562,            0.046081,            0.031188,            0.010194,            0.002872,            0.002872,            0.002872
                 218,            0.028825,             0.02954,           0.0020271,             0.67535,             0.62689,             0.67134,             0.34245,            0.045415,            0.031405,            0.010093,            0.002839,            0.002839,            0.002839
                 219,            0.027485,            0.028663,           0.0025833,             0.63301,             0.65207,             0.66163,             0.34196,            0.045922,            0.030983,            0.012071,            0.002806,            0.002806,            0.002806
                 220,            0.028049,            0.028618,           0.0020848,             0.65244,              0.6563,                0.68,             0.34949,             0.04635,            0.030951,            0.013014,            0.002773,            0.002773,            0.002773
                 221,            0.027793,            0.028356,           0.0020627,             0.62952,             0.65121,             0.65402,             0.33775,            0.046506,            0.031049,             0.01394,             0.00274,             0.00274,             0.00274
                 222,             0.02796,            0.028327,            0.002682,             0.71898,             0.58207,             0.65538,             0.33784,            0.046333,            0.030392,             0.01307,            0.002707,            0.002707,            0.002707
                 223,            0.027076,            0.026765,           0.0023189,             0.62602,             0.62692,             0.65752,             0.32796,            0.047145,            0.030722,            0.016071,            0.002674,            0.002674,            0.002674
                 224,            0.027673,            0.027566,           0.0022822,             0.62437,             0.67353,             0.66301,             0.33883,            0.045857,            0.030784,            0.012878,            0.002641,            0.002641,            0.002641
                 225,            0.027868,            0.027266,           0.0022218,             0.64039,             0.66385,              0.6684,             0.33667,            0.045701,            0.031241,            0.010897,            0.002608,            0.002608,            0.002608
                 226,            0.027737,            0.027234,           0.0019029,             0.68627,             0.62609,             0.67198,             0.33847,            0.046319,            0.031275,            0.013093,            0.002575,            0.002575,            0.002575
                 227,            0.028208,            0.027678,           0.0024088,             0.65858,             0.58821,             0.65183,             0.34459,            0.046653,            0.031727,            0.015575,            0.002542,            0.002542,            0.002542
                 228,            0.026556,            0.026227,            0.002567,             0.63872,             0.65369,             0.67095,             0.35436,            0.046014,            0.030224,            0.015557,            0.002509,            0.002509,            0.002509
                 229,            0.027492,            0.028774,           0.0021781,             0.65577,             0.64447,             0.66688,             0.34294,            0.045908,            0.030774,            0.015948,            0.002476,            0.002476,            0.002476
                 230,            0.027444,            0.028701,           0.0019546,             0.60924,             0.68676,             0.66701,             0.34523,            0.045914,            0.031063,            0.017451,            0.002443,            0.002443,            0.002443
                 231,            0.027398,             0.02788,           0.0022405,             0.65777,             0.62334,             0.67144,             0.34761,            0.046084,            0.031317,            0.012083,             0.00241,             0.00241,             0.00241
                 232,            0.027212,            0.027888,           0.0021773,              0.6429,             0.65182,             0.67622,             0.35335,            0.046489,            0.031382,            0.011046,            0.002377,            0.002377,            0.002377
                 233,            0.027619,             0.02806,           0.0020237,             0.62559,             0.65345,             0.66685,             0.35343,            0.046418,            0.031584,            0.014223,            0.002344,            0.002344,            0.002344
                 234,             0.02746,            0.027435,           0.0020337,             0.62592,             0.62615,             0.65431,              0.3382,            0.045836,            0.031527,            0.012424,            0.002311,            0.002311,            0.002311
                 235,            0.027361,            0.026384,           0.0022525,             0.62931,              0.6423,             0.66841,             0.34399,            0.046078,            0.031141,            0.010546,            0.002278,            0.002278,            0.002278
                 236,            0.026759,            0.027425,           0.0023436,             0.61618,             0.65479,             0.66761,             0.34381,            0.045911,            0.031666,            0.012163,            0.002245,            0.002245,            0.002245
                 237,            0.026942,            0.027503,           0.0023807,             0.67024,             0.65149,             0.68726,             0.35478,            0.045965,            0.031262,            0.010149,            0.002212,            0.002212,            0.002212
                 238,            0.028152,            0.027364,           0.0024554,             0.71925,             0.61844,             0.69002,             0.36461,            0.045936,            0.031651,           0.0097545,            0.002179,            0.002179,            0.002179
                 239,            0.026844,             0.02789,           0.0020799,             0.64023,             0.67192,             0.68675,             0.35529,            0.045015,            0.031141,            0.012541,            0.002146,            0.002146,            0.002146
                 240,            0.026732,            0.027945,           0.0019503,             0.63012,             0.68582,             0.69041,             0.34718,            0.045629,            0.031508,            0.012181,            0.002113,            0.002113,            0.002113
                 241,             0.02774,            0.028202,           0.0027368,             0.65533,             0.64558,             0.67761,             0.35159,            0.046118,            0.031423,            0.012272,             0.00208,             0.00208,             0.00208
                 242,            0.027435,             0.02882,           0.0024367,             0.66152,             0.64633,             0.67487,             0.34917,            0.045947,            0.031475,            0.012909,            0.002047,            0.002047,            0.002047
                 243,            0.026845,            0.027234,           0.0022858,             0.69717,             0.60936,             0.67459,             0.34809,            0.045912,            0.031012,            0.014006,            0.002014,            0.002014,            0.002014
                 244,            0.026407,            0.026082,           0.0021314,             0.69329,             0.64413,             0.67682,             0.35144,            0.045595,            0.031045,            0.014523,            0.001981,            0.001981,            0.001981
                 245,            0.026513,            0.026598,           0.0020576,             0.65865,             0.63348,             0.65851,             0.34402,            0.046476,            0.032063,            0.013585,            0.001948,            0.001948,            0.001948
                 246,            0.027077,            0.026978,            0.002063,              0.6718,             0.63152,             0.66983,             0.34696,            0.046796,            0.031748,            0.014944,            0.001915,            0.001915,            0.001915
                 247,            0.026288,            0.025808,           0.0023137,             0.67853,             0.64133,             0.67939,             0.34425,            0.046085,            0.031018,            0.013626,            0.001882,            0.001882,            0.001882
                 248,             0.02712,            0.028279,           0.0020725,             0.64483,             0.65533,             0.68291,             0.35309,            0.046728,            0.031364,            0.012266,            0.001849,            0.001849,            0.001849
                 249,            0.027281,            0.026477,           0.0019534,             0.74104,             0.57503,             0.67476,             0.34803,            0.046256,            0.031607,            0.013876,            0.001816,            0.001816,            0.001816
                 250,            0.027378,            0.028434,           0.0021416,             0.63356,             0.68938,             0.68333,             0.35209,            0.046016,            0.030398,             0.01374,            0.001783,            0.001783,            0.001783
                 251,            0.027222,            0.027356,           0.0019237,             0.68539,             0.67477,              0.7017,             0.35217,            0.046289,            0.031513,            0.011424,             0.00175,             0.00175,             0.00175
